"","time","actual","pred"
"1",2014 Q1,1786568176.59861,1867452264.34321
"2",2014 Q2,1390098993.82861,1374689947.16319
"3",2014 Q3,1276832217.29861,1274550308.7585
"4",2014 Q4,1546509397.23139,1461091836.63869
"5",2015 Q1,1952831549.13736,1890927354.04655
"6",2015 Q2,1390531187.95458,1346467259.08621
"7",2015 Q3,1383666076.20181,1332550916.59433
"8",2015 Q4,1640414156.34292,1718982725.09534
"9",2016 Q1,2268867238.73944,2208429138.79236
"10",2016 Q2,1489391421.84167,1661917527.5791
"11",2016 Q3,1590875676.89889,1572126316.66525
"12",2016 Q4,1903261324.34722,1954388106.83559
"13",2017 Q1,2705896199.96278,2662169914.78557
